source_file,scheme,metric,households,simulations,cache_mode,total_us,total_s,avg_us,avg_ms,count,cipher_bytes
bfv_h1000_s1000_cold.log,BFV,H_initial_device_planning,1000,1000,cold,11388527.0,11.388527,11.389,0.011389,1000000.0,0
bfv_h1000_s1000_cold.log,BFV,H_encrypt_X_i,1000,1000,cold,2585460616.0,2585.460616,2585.461,2.5854609999999996,1000000.0,526449
bfv_h1000_s1000_cold.log,BFV,H_plan_compute,1000,1000,cold,55713868.0,55.713868,20.311,0.020311,2743000.0,0
bfv_h1000_s1000_cold.log,BFV,H_accept_compute,1000,1000,cold,158233.0,0.158233,0.094,9.4e-05,1681875.0,0
bfv_h1000_s1000_cold.log,BFV,H_encrypt_delta_i,1000,1000,cold,4346981118.0,4346.981118,2584.604,2.5846039999999997,1681875.0,526449
bfv_h1000_s1000_cold.log,BFV,H_total_household_side,1000,1000,cold,6999702362.0,6999.702362,6999702.362,6999.702362,1000.0,526449
bfv_h1000_s1000_cold.log,BFV,B_init_X_from_first_ciphertext,1000,1000,cold,65188.0,0.065188,65.188,0.065188,1000.0,526449
bfv_h1000_s1000_cold.log,BFV,B_add_X_remaining,1000,1000,cold,55825320.0,55.82532,55.881,0.055881,999000.0,526449
bfv_h1000_s1000_cold.log,BFV,B_init_delta_from_first_ciphertext,1000,1000,cold,177093.0,0.177093,64.562,0.064562,2743.0,526449
bfv_h1000_s1000_cold.log,BFV,B_add_delta_remaining,1000,1000,cold,94784282.0,94.784282,56.448,0.056448,1679132.0,526449
bfv_h1000_s1000_cold.log,BFV,B_total_aggregation,1000,1000,cold,150851883.0,150.851883,150851.883,150.85188300000002,1000.0,526449
bfv_h1000_s1000_cold.log,BFV,C_decrypt_X,1000,1000,cold,1043289.0,1.043289,1043.289,1.043289,1000.0,0
bfv_h1000_s1000_cold.log,BFV,C_decrypt_delta,1000,1000,cold,2842119.0,2.842119,1036.135,1.036135,2743.0,0
bfv_h1000_s1000_cold.log,BFV,C_control_logic_until_convergence,1000,1000,cold,67578.0,0.067578,24.637,0.024637,2743.0,0
bfv_h1000_s1000_cold.log,BFV,C_total_decrypt_plus_control,1000,1000,cold,3952986.0,3.952986,3952.986,3.9529859999999997,1000.0,0
bfv_h1000_s1000_cold.log,BFV,SIM_total_measured_H_B_C,1000,1000,cold,7154507231.0,7154.507231,7154507.231,7154.507231,1000.0,526449
bfv_h1000_s1000_cold.log,SUMMARY,total_iterations,1000,1000,cold,2743.0,0.002743,2.743,0.0027429999999999998,1000.0,0
bfv_h1000_s1000_cold.log,SUMMARY,accepted_delta_count,1000,1000,cold,1681875.0,1.681875,1681.875,1.681875,1000.0,0
bfv_h100_s1000_cold.log,BFV,H_initial_device_planning,100,1000,cold,1192130.0,1.19213,11.921,0.011921,100000.0,0
bfv_h100_s1000_cold.log,BFV,H_encrypt_X_i,100,1000,cold,259510223.0,259.510223,2595.102,2.595102,100000.0,526449
bfv_h100_s1000_cold.log,BFV,H_plan_compute,100,1000,cold,7344488.0,7.344488,21.184,0.021184,346700.0,0
bfv_h100_s1000_cold.log,BFV,H_accept_compute,100,1000,cold,10445.0,0.010445,0.06,5.9999999999999995e-05,173667.0,0
bfv_h100_s1000_cold.log,BFV,H_encrypt_delta_i,100,1000,cold,449248211.0,449.248211,2586.837,2.586837,173667.0,526449
bfv_h100_s1000_cold.log,BFV,H_total_household_side,100,1000,cold,717305497.0,717.305497,717305.497,717.305497,1000.0,526449
bfv_h100_s1000_cold.log,BFV,B_init_X_from_first_ciphertext,100,1000,cold,66390.0,0.06639,66.39,0.06639,1000.0,526449
bfv_h100_s1000_cold.log,BFV,B_add_X_remaining,100,1000,cold,5509399.0,5.509399,55.65,0.05565,99000.0,526449
bfv_h100_s1000_cold.log,BFV,B_init_delta_from_first_ciphertext,100,1000,cold,182402.0,0.182402,52.611,0.052611,3467.0,526449
bfv_h100_s1000_cold.log,BFV,B_add_delta_remaining,100,1000,cold,9415128.0,9.415128,55.318,0.055318,170200.0,526449
bfv_h100_s1000_cold.log,BFV,B_total_aggregation,100,1000,cold,15173319.0,15.173319,15173.319,15.173319,1000.0,526449
bfv_h100_s1000_cold.log,BFV,C_decrypt_X,100,1000,cold,1042525.0,1.042525,1042.525,1.0425250000000001,1000.0,0
bfv_h100_s1000_cold.log,BFV,C_decrypt_delta,100,1000,cold,3581679.0,3.581679,1033.077,1.033077,3467.0,0
bfv_h100_s1000_cold.log,BFV,C_control_logic_until_convergence,100,1000,cold,7150.0,0.00715,2.062,0.002062,3467.0,0
bfv_h100_s1000_cold.log,BFV,C_total_decrypt_plus_control,100,1000,cold,4631354.0,4.631354,4631.354,4.631354,1000.0,0
bfv_h100_s1000_cold.log,BFV,SIM_total_measured_H_B_C,100,1000,cold,737110170.0,737.11017,737110.17,737.11017,1000.0,526449
bfv_h100_s1000_cold.log,SUMMARY,total_iterations,100,1000,cold,3467.0,0.003467,3.467,0.003467,1000.0,0
bfv_h100_s1000_cold.log,SUMMARY,accepted_delta_count,100,1000,cold,173667.0,0.173667,173.667,0.173667,1000.0,0
bfv_h10_s1000_cold.log,BFV,H_initial_device_planning,10,1000,cold,150287.0,0.150287,15.029,0.015029,10000.0,0
bfv_h10_s1000_cold.log,BFV,H_encrypt_X_i,10,1000,cold,26146740.0,26.14674,2614.674,2.614674,10000.0,526449
bfv_h10_s1000_cold.log,BFV,H_plan_compute,10,1000,cold,2835127.0,2.835127,25.685,0.025685,110380.0,0
bfv_h10_s1000_cold.log,BFV,H_accept_compute,10,1000,cold,463.0,0.000463,0.019,1.9e-05,24733.0,0
bfv_h10_s1000_cold.log,BFV,H_encrypt_delta_i,10,1000,cold,63521144.0,63.521144,2568.275,2.5682750000000003,24733.0,526449
bfv_h10_s1000_cold.log,BFV,H_total_household_side,10,1000,cold,92653761.0,92.653761,92653.761,92.653761,1000.0,526449
bfv_h10_s1000_cold.log,BFV,B_init_X_from_first_ciphertext,10,1000,cold,47220.0,0.04722,47.22,0.04722,1000.0,526449
bfv_h10_s1000_cold.log,BFV,B_add_X_remaining,10,1000,cold,472054.0,0.472054,52.45,0.052450000000000004,9000.0,526449
bfv_h10_s1000_cold.log,BFV,B_init_delta_from_first_ciphertext,10,1000,cold,167280.0,0.16728,15.205,0.015205,11002.0,526449
bfv_h10_s1000_cold.log,BFV,B_add_delta_remaining,10,1000,cold,696483.0,0.696483,50.723,0.050723,13731.0,526449
bfv_h10_s1000_cold.log,BFV,B_total_aggregation,10,1000,cold,1383037.0,1.383037,1383.037,1.383037,1000.0,526449
bfv_h10_s1000_cold.log,BFV,C_decrypt_X,10,1000,cold,1021142.0,1.021142,1021.142,1.021142,1000.0,0
bfv_h10_s1000_cold.log,BFV,C_decrypt_delta,10,1000,cold,10781588.0,10.781588,979.966,0.979966,11002.0,0
bfv_h10_s1000_cold.log,BFV,C_control_logic_until_convergence,10,1000,cold,762.0,0.000762,0.069,6.900000000000001e-05,11038.0,0
bfv_h10_s1000_cold.log,BFV,C_total_decrypt_plus_control,10,1000,cold,11803492.0,11.803492,11803.492,11.803492,1000.0,0
bfv_h10_s1000_cold.log,BFV,SIM_total_measured_H_B_C,10,1000,cold,105840290.0,105.84029,105840.29,105.84029,1000.0,526449
bfv_h10_s1000_cold.log,SUMMARY,total_iterations,10,1000,cold,11038.0,0.011038,11.038,0.011038000000000001,1000.0,0
bfv_h10_s1000_cold.log,SUMMARY,accepted_delta_count,10,1000,cold,24733.0,0.024733,24.733,0.024733,1000.0,0
bfv_h250_s1000_cold.log,BFV,H_initial_device_planning,250,1000,cold,2928425.0,2.928425,11.714,0.011714,250000.0,0
bfv_h250_s1000_cold.log,BFV,H_encrypt_X_i,250,1000,cold,646339965.0,646.339965,2585.36,2.58536,250000.0,526449
bfv_h250_s1000_cold.log,BFV,H_plan_compute,250,1000,cold,15249495.0,15.249495,20.38,0.02038,748250.0,0
bfv_h250_s1000_cold.log,BFV,H_accept_compute,250,1000,cold,33005.0,0.033005,0.077,7.7e-05,426544.0,0
bfv_h250_s1000_cold.log,BFV,H_encrypt_delta_i,250,1000,cold,1101579800.0,1101.5798,2582.57,2.58257,426544.0,526449
bfv_h250_s1000_cold.log,BFV,H_total_household_side,250,1000,cold,1766130690.0,1766.13069,1766130.69,1766.13069,1000.0,526449
bfv_h250_s1000_cold.log,BFV,B_init_X_from_first_ciphertext,250,1000,cold,65477.0,0.065477,65.477,0.06547700000000001,1000.0,526449
bfv_h250_s1000_cold.log,BFV,B_add_X_remaining,250,1000,cold,13952019.0,13.952019,56.032,0.056032,249000.0,526449
bfv_h250_s1000_cold.log,BFV,B_init_delta_from_first_ciphertext,250,1000,cold,195154.0,0.195154,65.203,0.065203,2993.0,526449
bfv_h250_s1000_cold.log,BFV,B_add_delta_remaining,250,1000,cold,23700608.0,23.700608,55.957,0.055957,423551.0,526449
bfv_h250_s1000_cold.log,BFV,B_total_aggregation,250,1000,cold,37913258.0,37.913258,37913.258,37.913258,1000.0,526449
bfv_h250_s1000_cold.log,BFV,C_decrypt_X,250,1000,cold,1033069.0,1.033069,1033.069,1.033069,1000.0,0
bfv_h250_s1000_cold.log,BFV,C_decrypt_delta,250,1000,cold,3087257.0,3.087257,1031.492,1.0314919999999999,2993.0,0
bfv_h250_s1000_cold.log,BFV,C_control_logic_until_convergence,250,1000,cold,16056.0,0.016056,5.365,0.005365,2993.0,0
bfv_h250_s1000_cold.log,BFV,C_total_decrypt_plus_control,250,1000,cold,4136382.0,4.136382,4136.382,4.136381999999999,1000.0,0
bfv_h250_s1000_cold.log,BFV,SIM_total_measured_H_B_C,250,1000,cold,1808180330.0,1808.18033,1808180.33,1808.1803300000001,1000.0,526449
bfv_h250_s1000_cold.log,SUMMARY,total_iterations,250,1000,cold,2993.0,0.002993,2.993,0.002993,1000.0,0
bfv_h250_s1000_cold.log,SUMMARY,accepted_delta_count,250,1000,cold,426544.0,0.426544,426.544,0.426544,1000.0,0
bfv_h500_s1000_cold.log,BFV,H_initial_device_planning,500,1000,cold,5764741.0,5.764741,11.529,0.011529,500000.0,0
bfv_h500_s1000_cold.log,BFV,H_encrypt_X_i,500,1000,cold,1292760607.0,1292.760607,2585.521,2.5855210000000004,500000.0,526449
bfv_h500_s1000_cold.log,BFV,H_plan_compute,500,1000,cold,29181188.0,29.181188,20.16,0.02016,1447500.0,0
bfv_h500_s1000_cold.log,BFV,H_accept_compute,500,1000,cold,74690.0,0.07469,0.088,8.8e-05,852016.0,0
bfv_h500_s1000_cold.log,BFV,H_encrypt_delta_i,500,1000,cold,2201838648.0,2201.838648,2584.269,2.584269,852016.0,526449
bfv_h500_s1000_cold.log,BFV,H_total_household_side,500,1000,cold,3529619874.0,3529.619874,3529619.874,3529.619874,1000.0,526449
bfv_h500_s1000_cold.log,BFV,B_init_X_from_first_ciphertext,500,1000,cold,65545.0,0.065545,65.545,0.065545,1000.0,526449
bfv_h500_s1000_cold.log,BFV,B_add_X_remaining,500,1000,cold,27910373.0,27.910373,55.933,0.055933,499000.0,526449
bfv_h500_s1000_cold.log,BFV,B_init_delta_from_first_ciphertext,500,1000,cold,190699.0,0.190699,65.872,0.065872,2895.0,526449
bfv_h500_s1000_cold.log,BFV,B_add_delta_remaining,500,1000,cold,47543746.0,47.543746,55.992,0.055992,849121.0,526449
bfv_h500_s1000_cold.log,BFV,B_total_aggregation,500,1000,cold,75710363.0,75.710363,75710.363,75.710363,1000.0,526449
bfv_h500_s1000_cold.log,BFV,C_decrypt_X,500,1000,cold,1032955.0,1.032955,1032.955,1.0329549999999998,1000.0,0
bfv_h500_s1000_cold.log,BFV,C_decrypt_delta,500,1000,cold,2980198.0,2.980198,1029.429,1.0294290000000001,2895.0,0
bfv_h500_s1000_cold.log,BFV,C_control_logic_until_convergence,500,1000,cold,33923.0,0.033923,11.718,0.011718,2895.0,0
bfv_h500_s1000_cold.log,BFV,C_total_decrypt_plus_control,500,1000,cold,4047076.0,4.047076,4047.076,4.047076,1000.0,0
bfv_h500_s1000_cold.log,BFV,SIM_total_measured_H_B_C,500,1000,cold,3609377313.0,3609.377313,3609377.313,3609.377313,1000.0,526449
bfv_h500_s1000_cold.log,SUMMARY,total_iterations,500,1000,cold,2895.0,0.002895,2.895,0.002895,1000.0,0
bfv_h500_s1000_cold.log,SUMMARY,accepted_delta_count,500,1000,cold,852016.0,0.852016,852.016,0.852016,1000.0,0
bfv_h50_s1000_cold.log,BFV,H_initial_device_planning,50,1000,cold,623254.0,0.623254,12.465,0.012465,50000.0,0
bfv_h50_s1000_cold.log,BFV,H_encrypt_X_i,50,1000,cold,130074695.0,130.074695,2601.494,2.601494,50000.0,526449
bfv_h50_s1000_cold.log,BFV,H_plan_compute,50,1000,cold,4776033.0,4.776033,22.245,0.022245,214700.0,0
bfv_h50_s1000_cold.log,BFV,H_accept_compute,50,1000,cold,3503.0,0.003503,0.04,4e-05,88029.0,0
bfv_h50_s1000_cold.log,BFV,H_encrypt_delta_i,50,1000,cold,227788633.0,227.788633,2587.654,2.587654,88029.0,526449
bfv_h50_s1000_cold.log,BFV,H_total_household_side,50,1000,cold,363266118.0,363.266118,363266.118,363.266118,1000.0,526449
bfv_h50_s1000_cold.log,BFV,B_init_X_from_first_ciphertext,50,1000,cold,65739.0,0.065739,65.739,0.065739,1000.0,526449
bfv_h50_s1000_cold.log,BFV,B_add_X_remaining,50,1000,cold,2721951.0,2.721951,55.55,0.055549999999999995,49000.0,526449
bfv_h50_s1000_cold.log,BFV,B_init_delta_from_first_ciphertext,50,1000,cold,155994.0,0.155994,36.328,0.036328000000000006,4294.0,526449
bfv_h50_s1000_cold.log,BFV,B_add_delta_remaining,50,1000,cold,4516195.0,4.516195,53.934,0.053933999999999996,83735.0,526449
bfv_h50_s1000_cold.log,BFV,B_total_aggregation,50,1000,cold,7459879.0,7.459879,7459.879,7.459879,1000.0,526449
bfv_h50_s1000_cold.log,BFV,C_decrypt_X,50,1000,cold,1033115.0,1.033115,1033.115,1.033115,1000.0,0
bfv_h50_s1000_cold.log,BFV,C_decrypt_delta,50,1000,cold,4350552.0,4.350552,1013.17,1.01317,4294.0,0
bfv_h50_s1000_cold.log,BFV,C_control_logic_until_convergence,50,1000,cold,3299.0,0.003299,0.768,0.000768,4294.0,0
bfv_h50_s1000_cold.log,BFV,C_total_decrypt_plus_control,50,1000,cold,5386966.0,5.386966,5386.966,5.386966,1000.0,0
bfv_h50_s1000_cold.log,BFV,SIM_total_measured_H_B_C,50,1000,cold,376112963.0,376.112963,376112.963,376.112963,1000.0,526449
bfv_h50_s1000_cold.log,SUMMARY,total_iterations,50,1000,cold,4294.0,0.004294,4.294,0.004293999999999999,1000.0,0
bfv_h50_s1000_cold.log,SUMMARY,accepted_delta_count,50,1000,cold,88029.0,0.088029,88.029,0.088029,1000.0,0
ckks_h1000_s1000_cold.log,CKKS,H_initial_device_planning,1000,1000,cold,11610036.0,11.610036,11.61,0.011609999999999999,1000000.0,0
ckks_h1000_s1000_cold.log,CKKS,H_encrypt_X_i,1000,1000,cold,3053404310.0,3053.40431,3053.404,3.053404,1000000.0,394865
ckks_h1000_s1000_cold.log,CKKS,H_plan_compute,1000,1000,cold,52232397.0,52.232397,19.042,0.019042,2743000.0,0
ckks_h1000_s1000_cold.log,CKKS,H_accept_compute,1000,1000,cold,81097.0,0.081097,0.048,4.8e-05,1673262.0,0
ckks_h1000_s1000_cold.log,CKKS,H_encrypt_delta_i,1000,1000,cold,5102288466.0,5102.288466,3049.306,3.049306,1673262.0,394865
ckks_h1000_s1000_cold.log,CKKS,H_total_household_side,1000,1000,cold,8219616306.0,8219.616306,8219616.306,8219.616306,1000.0,394865
ckks_h1000_s1000_cold.log,CKKS,B_init_X_from_first_ciphertext,1000,1000,cold,42190.0,0.04219,42.19,0.04219,1000.0,394865
ckks_h1000_s1000_cold.log,CKKS,B_add_X_remaining,1000,1000,cold,41971869.0,41.971869,42.014,0.042014,999000.0,394865
ckks_h1000_s1000_cold.log,CKKS,B_init_delta_from_first_ciphertext,1000,1000,cold,109664.0,0.109664,39.98,0.039979999999999995,2743.0,394865
ckks_h1000_s1000_cold.log,CKKS,B_add_delta_remaining,1000,1000,cold,70776722.0,70.776722,42.368,0.042368,1670519.0,394865
ckks_h1000_s1000_cold.log,CKKS,B_total_aggregation,1000,1000,cold,112900445.0,112.900445,112900.445,112.900445,1000.0,394865
ckks_h1000_s1000_cold.log,CKKS,C_decrypt_X,1000,1000,cold,889382.0,0.889382,889.382,0.8893819999999999,1000.0,0
ckks_h1000_s1000_cold.log,CKKS,C_decrypt_delta,1000,1000,cold,2433960.0,2.43396,887.335,0.887335,2743.0,0
ckks_h1000_s1000_cold.log,CKKS,C_control_logic_until_convergence,1000,1000,cold,61927.0,0.061927,22.576,0.022576,2743.0,0
ckks_h1000_s1000_cold.log,CKKS,C_total_decrypt_plus_control,1000,1000,cold,3385269.0,3.385269,3385.269,3.3852689999999996,1000.0,0
ckks_h1000_s1000_cold.log,CKKS,SIM_total_measured_H_B_C,1000,1000,cold,8335902020.0,8335.90202,8335902.02,8335.90202,1000.0,394865
ckks_h1000_s1000_cold.log,SUMMARY,total_iterations,1000,1000,cold,2743.0,0.002743,2.743,0.0027429999999999998,1000.0,0
ckks_h1000_s1000_cold.log,SUMMARY,accepted_delta_count,1000,1000,cold,1673262.0,1.673262,1673.262,1.673262,1000.0,0
ckks_h100_s1000_cold.log,CKKS,H_initial_device_planning,100,1000,cold,1196133.0,1.196133,11.961,0.011961000000000001,100000.0,0
ckks_h100_s1000_cold.log,CKKS,H_encrypt_X_i,100,1000,cold,306092034.0,306.092034,3060.92,3.06092,100000.0,394865
ckks_h100_s1000_cold.log,CKKS,H_plan_compute,100,1000,cold,7096155.0,7.096155,20.444,0.020444,347100.0,0
ckks_h100_s1000_cold.log,CKKS,H_accept_compute,100,1000,cold,10628.0,0.010628,0.062,6.2e-05,172339.0,0
ckks_h100_s1000_cold.log,CKKS,H_encrypt_delta_i,100,1000,cold,526328194.0,526.328194,3054.028,3.0540279999999997,172339.0,394865
ckks_h100_s1000_cold.log,CKKS,H_total_household_side,100,1000,cold,840723144.0,840.723144,840723.144,840.7231439999999,1000.0,394865
ckks_h100_s1000_cold.log,CKKS,B_init_X_from_first_ciphertext,100,1000,cold,43345.0,0.043345,43.345,0.043345,1000.0,394865
ckks_h100_s1000_cold.log,CKKS,B_add_X_remaining,100,1000,cold,4123795.0,4.123795,41.654,0.041654000000000004,99000.0,394865
ckks_h100_s1000_cold.log,CKKS,B_init_delta_from_first_ciphertext,100,1000,cold,107851.0,0.107851,31.072,0.031072,3471.0,394865
ckks_h100_s1000_cold.log,CKKS,B_add_delta_remaining,100,1000,cold,6952558.0,6.952558,41.172,0.041172,168868.0,394865
ckks_h100_s1000_cold.log,CKKS,B_total_aggregation,100,1000,cold,11227549.0,11.227549,11227.549,11.227549000000002,1000.0,394865
ckks_h100_s1000_cold.log,CKKS,C_decrypt_X,100,1000,cold,874779.0,0.874779,874.779,0.874779,1000.0,0
ckks_h100_s1000_cold.log,CKKS,C_decrypt_delta,100,1000,cold,3022511.0,3.022511,870.79,0.87079,3471.0,0
ckks_h100_s1000_cold.log,CKKS,C_control_logic_until_convergence,100,1000,cold,6164.0,0.006164,1.776,0.001776,3471.0,0
ckks_h100_s1000_cold.log,CKKS,C_total_decrypt_plus_control,100,1000,cold,3903454.0,3.903454,3903.454,3.903454,1000.0,0
ckks_h100_s1000_cold.log,CKKS,SIM_total_measured_H_B_C,100,1000,cold,855854147.0,855.854147,855854.147,855.854147,1000.0,394865
ckks_h100_s1000_cold.log,SUMMARY,total_iterations,100,1000,cold,3471.0,0.003471,3.471,0.003471,1000.0,0
ckks_h100_s1000_cold.log,SUMMARY,accepted_delta_count,100,1000,cold,172339.0,0.172339,172.339,0.172339,1000.0,0
ckks_h10_s1000_cold.log,CKKS,H_initial_device_planning,10,1000,cold,148718.0,0.148718,14.872,0.014872,10000.0,0
ckks_h10_s1000_cold.log,CKKS,H_encrypt_X_i,10,1000,cold,30844710.0,30.84471,3084.471,3.084471,10000.0,394865
ckks_h10_s1000_cold.log,CKKS,H_plan_compute,10,1000,cold,2957238.0,2.957238,26.823,0.026823,110250.0,0
ckks_h10_s1000_cold.log,CKKS,H_accept_compute,10,1000,cold,757.0,0.000757,0.031,3.1e-05,24630.0,0
ckks_h10_s1000_cold.log,CKKS,H_encrypt_delta_i,10,1000,cold,75028899.0,75.028899,3046.24,3.0462399999999996,24630.0,394865
ckks_h10_s1000_cold.log,CKKS,H_total_household_side,10,1000,cold,108980322.0,108.980322,108980.322,108.980322,1000.0,394865
ckks_h10_s1000_cold.log,CKKS,B_init_X_from_first_ciphertext,10,1000,cold,30961.0,0.030961,30.961,0.030961,1000.0,394865
ckks_h10_s1000_cold.log,CKKS,B_add_X_remaining,10,1000,cold,356367.0,0.356367,39.596,0.039596,9000.0,394865
ckks_h10_s1000_cold.log,CKKS,B_init_delta_from_first_ciphertext,10,1000,cold,114380.0,0.11438,10.376,0.010376,11023.0,394865
ckks_h10_s1000_cold.log,CKKS,B_add_delta_remaining,10,1000,cold,517624.0,0.517624,38.041,0.038041,13607.0,394865
ckks_h10_s1000_cold.log,CKKS,B_total_aggregation,10,1000,cold,1019332.0,1.019332,1019.332,1.019332,1000.0,394865
ckks_h10_s1000_cold.log,CKKS,C_decrypt_X,10,1000,cold,870635.0,0.870635,870.635,0.8706349999999999,1000.0,0
ckks_h10_s1000_cold.log,CKKS,C_decrypt_delta,10,1000,cold,9254086.0,9.254086,839.525,0.839525,11023.0,0
ckks_h10_s1000_cold.log,CKKS,C_control_logic_until_convergence,10,1000,cold,641.0,0.000641,0.058,5.8e-05,11025.0,0
ckks_h10_s1000_cold.log,CKKS,C_total_decrypt_plus_control,10,1000,cold,10125362.0,10.125362,10125.362,10.125361999999999,1000.0,0
ckks_h10_s1000_cold.log,CKKS,SIM_total_measured_H_B_C,10,1000,cold,120125016.0,120.125016,120125.016,120.125016,1000.0,394865
ckks_h10_s1000_cold.log,SUMMARY,total_iterations,10,1000,cold,11025.0,0.011025,11.025,0.011025,1000.0,0
ckks_h10_s1000_cold.log,SUMMARY,accepted_delta_count,10,1000,cold,24630.0,0.02463,24.63,0.02463,1000.0,0
ckks_h250_s1000_cold.log,CKKS,H_initial_device_planning,250,1000,cold,2908132.0,2.908132,11.633,0.011633,250000.0,0
ckks_h250_s1000_cold.log,CKKS,H_encrypt_X_i,250,1000,cold,766113223.0,766.113223,3064.453,3.064453,250000.0,394865
ckks_h250_s1000_cold.log,CKKS,H_plan_compute,250,1000,cold,14561724.0,14.561724,19.468,0.019468,748000.0,0
ckks_h250_s1000_cold.log,CKKS,H_accept_compute,250,1000,cold,35946.0,0.035946,0.085,8.5e-05,423485.0,0
ckks_h250_s1000_cold.log,CKKS,H_encrypt_delta_i,250,1000,cold,1296390667.0,1296.390667,3061.243,3.061243,423485.0,394865
ckks_h250_s1000_cold.log,CKKS,H_total_household_side,250,1000,cold,2080009692.0,2080.009692,2080009.692,2080.009692,1000.0,394865
ckks_h250_s1000_cold.log,CKKS,B_init_X_from_first_ciphertext,250,1000,cold,42516.0,0.042516,42.516,0.042516,1000.0,394865
ckks_h250_s1000_cold.log,CKKS,B_add_X_remaining,250,1000,cold,10475419.0,10.475419,42.07,0.04207,249000.0,394865
ckks_h250_s1000_cold.log,CKKS,B_init_delta_from_first_ciphertext,250,1000,cold,122871.0,0.122871,41.067,0.041067,2992.0,394865
ckks_h250_s1000_cold.log,CKKS,B_add_delta_remaining,250,1000,cold,17676725.0,17.676725,42.038,0.042038,420493.0,394865
ckks_h250_s1000_cold.log,CKKS,B_total_aggregation,250,1000,cold,28317531.0,28.317531,28317.531,28.317531,1000.0,394865
ckks_h250_s1000_cold.log,CKKS,C_decrypt_X,250,1000,cold,882629.0,0.882629,882.629,0.882629,1000.0,0
ckks_h250_s1000_cold.log,CKKS,C_decrypt_delta,250,1000,cold,2642061.0,2.642061,883.042,0.883042,2992.0,0
ckks_h250_s1000_cold.log,CKKS,C_control_logic_until_convergence,250,1000,cold,15784.0,0.015784,5.275,0.005275,2992.0,0
ckks_h250_s1000_cold.log,CKKS,C_total_decrypt_plus_control,250,1000,cold,3540474.0,3.540474,3540.474,3.540474,1000.0,0
ckks_h250_s1000_cold.log,CKKS,SIM_total_measured_H_B_C,250,1000,cold,2111867697.0,2111.867697,2111867.697,2111.867697,1000.0,394865
ckks_h250_s1000_cold.log,SUMMARY,total_iterations,250,1000,cold,2992.0,0.002992,2.992,0.002992,1000.0,0
ckks_h250_s1000_cold.log,SUMMARY,accepted_delta_count,250,1000,cold,423485.0,0.423485,423.485,0.423485,1000.0,0
ckks_h500_s1000_cold.log,CKKS,H_initial_device_planning,500,1000,cold,5578289.0,5.578289,11.157,0.011157,500000.0,0
ckks_h500_s1000_cold.log,CKKS,H_encrypt_X_i,500,1000,cold,1527099369.0,1527.099369,3054.199,3.054199,500000.0,394865
ckks_h500_s1000_cold.log,CKKS,H_plan_compute,500,1000,cold,27161682.0,27.161682,18.758,0.018758,1448000.0,0
ckks_h500_s1000_cold.log,CKKS,H_accept_compute,500,1000,cold,28809.0,0.028809,0.034,3.4e-05,848748.0,0
ckks_h500_s1000_cold.log,CKKS,H_encrypt_delta_i,500,1000,cold,2590944980.0,2590.94498,3052.667,3.052667,848748.0,394865
ckks_h500_s1000_cold.log,CKKS,H_total_household_side,500,1000,cold,4150813129.0,4150.813129,4150813.129,4150.813129,1000.0,394865
ckks_h500_s1000_cold.log,CKKS,B_init_X_from_first_ciphertext,500,1000,cold,41947.0,0.041947,41.947,0.041947000000000005,1000.0,394865
ckks_h500_s1000_cold.log,CKKS,B_add_X_remaining,500,1000,cold,21035047.0,21.035047,42.154,0.042154000000000004,499000.0,394865
ckks_h500_s1000_cold.log,CKKS,B_init_delta_from_first_ciphertext,500,1000,cold,123768.0,0.123768,42.738,0.042738,2896.0,394865
ckks_h500_s1000_cold.log,CKKS,B_add_delta_remaining,500,1000,cold,35966819.0,35.966819,42.521,0.042521,845852.0,394865
ckks_h500_s1000_cold.log,CKKS,B_total_aggregation,500,1000,cold,57167581.0,57.167581,57167.581,57.167581,1000.0,394865
ckks_h500_s1000_cold.log,CKKS,C_decrypt_X,500,1000,cold,889873.0,0.889873,889.873,0.889873,1000.0,0
ckks_h500_s1000_cold.log,CKKS,C_decrypt_delta,500,1000,cold,2585362.0,2.585362,892.735,0.8927350000000001,2896.0,0
ckks_h500_s1000_cold.log,CKKS,C_control_logic_until_convergence,500,1000,cold,30227.0,0.030227,10.438,0.010438000000000001,2896.0,0
ckks_h500_s1000_cold.log,CKKS,C_total_decrypt_plus_control,500,1000,cold,3505462.0,3.505462,3505.462,3.505462,1000.0,0
ckks_h500_s1000_cold.log,CKKS,SIM_total_measured_H_B_C,500,1000,cold,4211486172.0,4211.486172,4211486.172,4211.486172,1000.0,394865
ckks_h500_s1000_cold.log,SUMMARY,total_iterations,500,1000,cold,2896.0,0.002896,2.896,0.0028959999999999997,1000.0,0
ckks_h500_s1000_cold.log,SUMMARY,accepted_delta_count,500,1000,cold,848748.0,0.848748,848.748,0.8487480000000001,1000.0,0
ckks_h50_s1000_cold.log,CKKS,H_initial_device_planning,50,1000,cold,611611.0,0.611611,12.232,0.012232,50000.0,0
ckks_h50_s1000_cold.log,CKKS,H_encrypt_X_i,50,1000,cold,153415944.0,153.415944,3068.319,3.068319,50000.0,394865
ckks_h50_s1000_cold.log,CKKS,H_plan_compute,50,1000,cold,4595261.0,4.595261,21.418,0.021418,214550.0,0
ckks_h50_s1000_cold.log,CKKS,H_accept_compute,50,1000,cold,3032.0,0.003032,0.035,3.5000000000000004e-05,87466.0,0
ckks_h50_s1000_cold.log,CKKS,H_encrypt_delta_i,50,1000,cold,267400737.0,267.400737,3057.196,3.057196,87466.0,394865
ckks_h50_s1000_cold.log,CKKS,H_total_household_side,50,1000,cold,426026585.0,426.026585,426026.585,426.026585,1000.0,394865
ckks_h50_s1000_cold.log,CKKS,B_init_X_from_first_ciphertext,50,1000,cold,40136.0,0.040136,40.136,0.040136000000000005,1000.0,394865
ckks_h50_s1000_cold.log,CKKS,B_add_X_remaining,50,1000,cold,2009218.0,2.009218,41.004,0.041004,49000.0,394865
ckks_h50_s1000_cold.log,CKKS,B_init_delta_from_first_ciphertext,50,1000,cold,92696.0,0.092696,21.602,0.021602,4291.0,394865
ckks_h50_s1000_cold.log,CKKS,B_add_delta_remaining,50,1000,cold,3307972.0,3.307972,39.771,0.039771,83175.0,394865
ckks_h50_s1000_cold.log,CKKS,B_total_aggregation,50,1000,cold,5450022.0,5.450022,5450.022,5.450022,1000.0,394865
ckks_h50_s1000_cold.log,CKKS,C_decrypt_X,50,1000,cold,871269.0,0.871269,871.269,0.871269,1000.0,0
ckks_h50_s1000_cold.log,CKKS,C_decrypt_delta,50,1000,cold,3692241.0,3.692241,860.462,0.860462,4291.0,0
ckks_h50_s1000_cold.log,CKKS,C_control_logic_until_convergence,50,1000,cold,2568.0,0.002568,0.598,0.000598,4291.0,0
ckks_h50_s1000_cold.log,CKKS,C_total_decrypt_plus_control,50,1000,cold,4566078.0,4.566078,4566.078,4.566078,1000.0,0
ckks_h50_s1000_cold.log,CKKS,SIM_total_measured_H_B_C,50,1000,cold,436042685.0,436.042685,436042.685,436.042685,1000.0,394865
ckks_h50_s1000_cold.log,SUMMARY,total_iterations,50,1000,cold,4291.0,0.004291,4.291,0.0042910000000000005,1000.0,0
ckks_h50_s1000_cold.log,SUMMARY,accepted_delta_count,50,1000,cold,87466.0,0.087466,87.466,0.08746599999999999,1000.0,0
plain_h1000_s1000_cold.log,PLAIN,H_initial_device_planning,1000,1000,cold,11208030.0,11.20803,11.208,0.011208000000000001,1000000.0,0
plain_h1000_s1000_cold.log,PLAIN,H_encrypt_X_i,1000,1000,cold,0.0,0.0,0.0,0.0,0.0,0
plain_h1000_s1000_cold.log,PLAIN,H_plan_compute,1000,1000,cold,49237382.0,49.237382,17.95,0.01795,2743000.0,0
plain_h1000_s1000_cold.log,PLAIN,H_accept_compute,1000,1000,cold,106024.0,0.106024,0.064,6.4e-05,1665689.0,0
plain_h1000_s1000_cold.log,PLAIN,H_encrypt_delta_i,1000,1000,cold,0.0,0.0,0.0,0.0,0.0,0
plain_h1000_s1000_cold.log,PLAIN,H_total_household_side,1000,1000,cold,60551436.0,60.551436,60551.436,60.551436,1000.0,0
plain_h1000_s1000_cold.log,PLAIN,B_init_X_from_first_ciphertext,1000,1000,cold,95.0,9.5e-05,0.095,9.5e-05,1000.0,0
plain_h1000_s1000_cold.log,PLAIN,B_add_X_remaining,1000,1000,cold,159441.0,0.159441,0.16,0.00016,999000.0,0
plain_h1000_s1000_cold.log,PLAIN,B_init_delta_from_first_ciphertext,1000,1000,cold,5.0,5e-06,0.002,2e-06,2727.0,0
plain_h1000_s1000_cold.log,PLAIN,B_add_delta_remaining,1000,1000,cold,205066.0,0.205066,0.123,0.000123,1662962.0,0
plain_h1000_s1000_cold.log,PLAIN,B_total_aggregation,1000,1000,cold,364607.0,0.364607,364.607,0.364607,1000.0,0
plain_h1000_s1000_cold.log,PLAIN,C_decrypt_X,1000,1000,cold,0.0,0.0,0.0,0.0,0.0,0
plain_h1000_s1000_cold.log,PLAIN,C_decrypt_delta,1000,1000,cold,0.0,0.0,0.0,0.0,0.0,0
plain_h1000_s1000_cold.log,PLAIN,C_control_logic_until_convergence,1000,1000,cold,64167.0,0.064167,23.393,0.023393,2743.0,0
plain_h1000_s1000_cold.log,PLAIN,C_total_decrypt_plus_control,1000,1000,cold,64167.0,0.064167,64.167,0.064167,1000.0,0
plain_h1000_s1000_cold.log,PLAIN,SIM_total_measured_H_B_C,1000,1000,cold,60980210.0,60.98021,60980.21,60.98021,1000.0,0
plain_h1000_s1000_cold.log,SUMMARY,total_iterations,1000,1000,cold,2743.0,0.002743,2.743,0.0027429999999999998,1000.0,0
plain_h1000_s1000_cold.log,SUMMARY,accepted_delta_count,1000,1000,cold,1665689.0,1.665689,1665.689,1.665689,1000.0,0
plain_h100_s1000_cold.log,PLAIN,H_initial_device_planning,100,1000,cold,1099896.0,1.099896,10.999,0.010999,100000.0,0
plain_h100_s1000_cold.log,PLAIN,H_encrypt_X_i,100,1000,cold,0.0,0.0,0.0,0.0,0.0,0
plain_h100_s1000_cold.log,PLAIN,H_plan_compute,100,1000,cold,5825040.0,5.82504,16.782,0.016782,347100.0,0
plain_h100_s1000_cold.log,PLAIN,H_accept_compute,100,1000,cold,1521.0,0.001521,0.009,8.999999999999999e-06,164960.0,0
plain_h100_s1000_cold.log,PLAIN,H_encrypt_delta_i,100,1000,cold,0.0,0.0,0.0,0.0,0.0,0
plain_h100_s1000_cold.log,PLAIN,H_total_household_side,100,1000,cold,6926457.0,6.926457,6926.457,6.926457,1000.0,0
plain_h100_s1000_cold.log,PLAIN,B_init_X_from_first_ciphertext,100,1000,cold,4.0,4e-06,0.004,4e-06,1000.0,0
plain_h100_s1000_cold.log,PLAIN,B_add_X_remaining,100,1000,cold,6037.0,0.006037,0.061,6.1e-05,99000.0,0
plain_h100_s1000_cold.log,PLAIN,B_init_delta_from_first_ciphertext,100,1000,cold,1.0,1e-06,0.0,0.0,3358.0,0
plain_h100_s1000_cold.log,PLAIN,B_add_delta_remaining,100,1000,cold,5405.0,0.005405,0.033,3.3e-05,161602.0,0
plain_h100_s1000_cold.log,PLAIN,B_total_aggregation,100,1000,cold,11447.0,0.011447,11.447,0.011446999999999999,1000.0,0
plain_h100_s1000_cold.log,PLAIN,C_decrypt_X,100,1000,cold,0.0,0.0,0.0,0.0,0.0,0
plain_h100_s1000_cold.log,PLAIN,C_decrypt_delta,100,1000,cold,0.0,0.0,0.0,0.0,0.0,0
plain_h100_s1000_cold.log,PLAIN,C_control_logic_until_convergence,100,1000,cold,3657.0,0.003657,1.054,0.001054,3471.0,0
plain_h100_s1000_cold.log,PLAIN,C_total_decrypt_plus_control,100,1000,cold,3657.0,0.003657,3.657,0.003657,1000.0,0
plain_h100_s1000_cold.log,PLAIN,SIM_total_measured_H_B_C,100,1000,cold,6941561.0,6.941561,6941.561,6.941561,1000.0,0
plain_h100_s1000_cold.log,SUMMARY,total_iterations,100,1000,cold,3471.0,0.003471,3.471,0.003471,1000.0,0
plain_h100_s1000_cold.log,SUMMARY,accepted_delta_count,100,1000,cold,164960.0,0.16496,164.96,0.16496,1000.0,0
plain_h10_s1000_cold.log,PLAIN,H_initial_device_planning,10,1000,cold,133422.0,0.133422,13.342,0.013342,10000.0,0
plain_h10_s1000_cold.log,PLAIN,H_encrypt_X_i,10,1000,cold,0.0,0.0,0.0,0.0,0.0,0
plain_h10_s1000_cold.log,PLAIN,H_plan_compute,10,1000,cold,2310188.0,2.310188,20.954,0.020954,110250.0,0
plain_h10_s1000_cold.log,PLAIN,H_accept_compute,10,1000,cold,43.0,4.3e-05,0.002,2e-06,23674.0,0
plain_h10_s1000_cold.log,PLAIN,H_encrypt_delta_i,10,1000,cold,0.0,0.0,0.0,0.0,0.0,0
plain_h10_s1000_cold.log,PLAIN,H_total_household_side,10,1000,cold,2443653.0,2.443653,2443.653,2.443653,1000.0,0
plain_h10_s1000_cold.log,PLAIN,B_init_X_from_first_ciphertext,10,1000,cold,1.0,1e-06,0.001,1e-06,1000.0,0
plain_h10_s1000_cold.log,PLAIN,B_add_X_remaining,10,1000,cold,12.0,1.2e-05,0.001,1e-06,9000.0,0
plain_h10_s1000_cold.log,PLAIN,B_init_delta_from_first_ciphertext,10,1000,cold,3.0,3e-06,0.0,0.0,10738.0,0
plain_h10_s1000_cold.log,PLAIN,B_add_delta_remaining,10,1000,cold,20.0,2e-05,0.002,2e-06,12936.0,0
plain_h10_s1000_cold.log,PLAIN,B_total_aggregation,10,1000,cold,36.0,3.6e-05,0.036,3.5999999999999994e-05,1000.0,0
plain_h10_s1000_cold.log,PLAIN,C_decrypt_X,10,1000,cold,0.0,0.0,0.0,0.0,0.0,0
plain_h10_s1000_cold.log,PLAIN,C_decrypt_delta,10,1000,cold,0.0,0.0,0.0,0.0,0.0,0
plain_h10_s1000_cold.log,PLAIN,C_control_logic_until_convergence,10,1000,cold,114.0,0.000114,0.01,1e-05,11025.0,0
plain_h10_s1000_cold.log,PLAIN,C_total_decrypt_plus_control,10,1000,cold,114.0,0.000114,0.114,0.000114,1000.0,0
plain_h10_s1000_cold.log,PLAIN,SIM_total_measured_H_B_C,10,1000,cold,2443803.0,2.443803,2443.803,2.443803,1000.0,0
plain_h10_s1000_cold.log,SUMMARY,total_iterations,10,1000,cold,11025.0,0.011025,11.025,0.011025,1000.0,0
plain_h10_s1000_cold.log,SUMMARY,accepted_delta_count,10,1000,cold,23674.0,0.023674,23.674,0.023674,1000.0,0
plain_h250_s1000_cold.log,PLAIN,H_initial_device_planning,250,1000,cold,2684872.0,2.684872,10.739,0.010739,250000.0,0
plain_h250_s1000_cold.log,PLAIN,H_encrypt_X_i,250,1000,cold,0.0,0.0,0.0,0.0,0.0,0
plain_h250_s1000_cold.log,PLAIN,H_plan_compute,250,1000,cold,12281232.0,12.281232,16.419,0.016419,748000.0,0
plain_h250_s1000_cold.log,PLAIN,H_accept_compute,250,1000,cold,6901.0,0.006901,0.017,1.7e-05,412464.0,0
plain_h250_s1000_cold.log,PLAIN,H_encrypt_delta_i,250,1000,cold,0.0,0.0,0.0,0.0,0.0,0
plain_h250_s1000_cold.log,PLAIN,H_total_household_side,250,1000,cold,14973005.0,14.973005,14973.005,14.973004999999999,1000.0,0
plain_h250_s1000_cold.log,PLAIN,B_init_X_from_first_ciphertext,250,1000,cold,4.0,4e-06,0.004,4e-06,1000.0,0
plain_h250_s1000_cold.log,PLAIN,B_add_X_remaining,250,1000,cold,20166.0,0.020166,0.081,8.1e-05,249000.0,0
plain_h250_s1000_cold.log,PLAIN,B_init_delta_from_first_ciphertext,250,1000,cold,8.0,8e-06,0.003,3e-06,2944.0,0
plain_h250_s1000_cold.log,PLAIN,B_add_delta_remaining,250,1000,cold,22935.0,0.022935,0.056,5.6e-05,409520.0,0
plain_h250_s1000_cold.log,PLAIN,B_total_aggregation,250,1000,cold,43113.0,0.043113,43.113,0.043113,1000.0,0
plain_h250_s1000_cold.log,PLAIN,C_decrypt_X,250,1000,cold,0.0,0.0,0.0,0.0,0.0,0
plain_h250_s1000_cold.log,PLAIN,C_decrypt_delta,250,1000,cold,0.0,0.0,0.0,0.0,0.0,0
plain_h250_s1000_cold.log,PLAIN,C_control_logic_until_convergence,250,1000,cold,12080.0,0.01208,4.037,0.004037,2992.0,0
plain_h250_s1000_cold.log,PLAIN,C_total_decrypt_plus_control,250,1000,cold,12080.0,0.01208,12.08,0.01208,1000.0,0
plain_h250_s1000_cold.log,PLAIN,SIM_total_measured_H_B_C,250,1000,cold,15028198.0,15.028198,15028.198,15.028198,1000.0,0
plain_h250_s1000_cold.log,SUMMARY,total_iterations,250,1000,cold,2992.0,0.002992,2.992,0.002992,1000.0,0
plain_h250_s1000_cold.log,SUMMARY,accepted_delta_count,250,1000,cold,412464.0,0.412464,412.464,0.412464,1000.0,0
plain_h500_s1000_cold.log,PLAIN,H_initial_device_planning,500,1000,cold,5429693.0,5.429693,10.859,0.010859,500000.0,0
plain_h500_s1000_cold.log,PLAIN,H_encrypt_X_i,500,1000,cold,0.0,0.0,0.0,0.0,0.0,0
plain_h500_s1000_cold.log,PLAIN,H_plan_compute,500,1000,cold,24486422.0,24.486422,16.911,0.016911000000000002,1448000.0,0
plain_h500_s1000_cold.log,PLAIN,H_accept_compute,500,1000,cold,33375.0,0.033375,0.04,4e-05,833690.0,0
plain_h500_s1000_cold.log,PLAIN,H_encrypt_delta_i,500,1000,cold,0.0,0.0,0.0,0.0,0.0,0
plain_h500_s1000_cold.log,PLAIN,H_total_household_side,500,1000,cold,29949490.0,29.94949,29949.49,29.94949,1000.0,0
plain_h500_s1000_cold.log,PLAIN,B_init_X_from_first_ciphertext,500,1000,cold,46.0,4.6e-05,0.046,4.6e-05,1000.0,0
plain_h500_s1000_cold.log,PLAIN,B_add_X_remaining,500,1000,cold,59030.0,0.05903,0.118,0.000118,499000.0,0
plain_h500_s1000_cold.log,PLAIN,B_init_delta_from_first_ciphertext,500,1000,cold,13.0,1.3e-05,0.005,5e-06,2859.0,0
plain_h500_s1000_cold.log,PLAIN,B_add_delta_remaining,500,1000,cold,76101.0,0.076101,0.092,9.2e-05,830831.0,0
plain_h500_s1000_cold.log,PLAIN,B_total_aggregation,500,1000,cold,135190.0,0.13519,135.19,0.13519,1000.0,0
plain_h500_s1000_cold.log,PLAIN,C_decrypt_X,500,1000,cold,0.0,0.0,0.0,0.0,0.0,0
plain_h500_s1000_cold.log,PLAIN,C_decrypt_delta,500,1000,cold,0.0,0.0,0.0,0.0,0.0,0
plain_h500_s1000_cold.log,PLAIN,C_control_logic_until_convergence,500,1000,cold,29069.0,0.029069,10.038,0.010038,2896.0,0
plain_h500_s1000_cold.log,PLAIN,C_total_decrypt_plus_control,500,1000,cold,29069.0,0.029069,29.069,0.029068999999999998,1000.0,0
plain_h500_s1000_cold.log,PLAIN,SIM_total_measured_H_B_C,500,1000,cold,30113749.0,30.113749,30113.749,30.113749,1000.0,0
plain_h500_s1000_cold.log,SUMMARY,total_iterations,500,1000,cold,2896.0,0.002896,2.896,0.0028959999999999997,1000.0,0
plain_h500_s1000_cold.log,SUMMARY,accepted_delta_count,500,1000,cold,833690.0,0.83369,833.69,0.83369,1000.0,0
plain_h50_s1000_cold.log,PLAIN,H_initial_device_planning,50,1000,cold,563357.0,0.563357,11.267,0.011267,50000.0,0
plain_h50_s1000_cold.log,PLAIN,H_encrypt_X_i,50,1000,cold,0.0,0.0,0.0,0.0,0.0,0
plain_h50_s1000_cold.log,PLAIN,H_plan_compute,50,1000,cold,3774971.0,3.774971,17.595,0.017595,214550.0,0
plain_h50_s1000_cold.log,PLAIN,H_accept_compute,50,1000,cold,408.0,0.000408,0.005,5e-06,82994.0,0
plain_h50_s1000_cold.log,PLAIN,H_encrypt_delta_i,50,1000,cold,0.0,0.0,0.0,0.0,0.0,0
plain_h50_s1000_cold.log,PLAIN,H_total_household_side,50,1000,cold,4338736.0,4.338736,4338.736,4.338736,1000.0,0
plain_h50_s1000_cold.log,PLAIN,B_init_X_from_first_ciphertext,50,1000,cold,1.0,1e-06,0.001,1e-06,1000.0,0
plain_h50_s1000_cold.log,PLAIN,B_add_X_remaining,50,1000,cold,2202.0,0.002202,0.045,4.4999999999999996e-05,49000.0,0
plain_h50_s1000_cold.log,PLAIN,B_init_delta_from_first_ciphertext,50,1000,cold,0.0,0.0,0.0,0.0,4130.0,0
plain_h50_s1000_cold.log,PLAIN,B_add_delta_remaining,50,1000,cold,1831.0,0.001831,0.023,2.3e-05,78864.0,0
plain_h50_s1000_cold.log,PLAIN,B_total_aggregation,50,1000,cold,4034.0,0.004034,4.034,0.004033999999999999,1000.0,0
plain_h50_s1000_cold.log,PLAIN,C_decrypt_X,50,1000,cold,0.0,0.0,0.0,0.0,0.0,0
plain_h50_s1000_cold.log,PLAIN,C_decrypt_delta,50,1000,cold,0.0,0.0,0.0,0.0,0.0,0
plain_h50_s1000_cold.log,PLAIN,C_control_logic_until_convergence,50,1000,cold,1290.0,0.00129,0.301,0.000301,4291.0,0
plain_h50_s1000_cold.log,PLAIN,C_total_decrypt_plus_control,50,1000,cold,1290.0,0.00129,1.29,0.0012900000000000001,1000.0,0
plain_h50_s1000_cold.log,PLAIN,SIM_total_measured_H_B_C,50,1000,cold,4344060.0,4.34406,4344.06,4.344060000000001,1000.0,0
plain_h50_s1000_cold.log,SUMMARY,total_iterations,50,1000,cold,4291.0,0.004291,4.291,0.0042910000000000005,1000.0,0
plain_h50_s1000_cold.log,SUMMARY,accepted_delta_count,50,1000,cold,82994.0,0.082994,82.994,0.082994,1000.0,0
