source_file,scheme,metric,households,simulations,cache_mode,total_us,avg_us,count,cipher_bytes
bfv_h1000_s1000_cold.log,BFV,H_initial_device_planning,1000,1000,cold,11388527,11.389,1000000,0
bfv_h1000_s1000_cold.log,BFV,H_encrypt_X_i,1000,1000,cold,2585460616,2585.461,1000000,526449
bfv_h1000_s1000_cold.log,BFV,H_plan_compute,1000,1000,cold,55713868,20.311,2743000,0
bfv_h1000_s1000_cold.log,BFV,H_accept_compute,1000,1000,cold,158233,0.094,1681875,0
bfv_h1000_s1000_cold.log,BFV,H_encrypt_delta_i,1000,1000,cold,4346981118,2584.604,1681875,526449
bfv_h1000_s1000_cold.log,BFV,H_total_household_side,1000,1000,cold,6999702362,6999702.362,1000,526449
bfv_h1000_s1000_cold.log,BFV,B_init_X_from_first_ciphertext,1000,1000,cold,65188,65.188,1000,526449
bfv_h1000_s1000_cold.log,BFV,B_add_X_remaining,1000,1000,cold,55825320,55.881,999000,526449
bfv_h1000_s1000_cold.log,BFV,B_init_delta_from_first_ciphertext,1000,1000,cold,177093,64.562,2743,526449
bfv_h1000_s1000_cold.log,BFV,B_add_delta_remaining,1000,1000,cold,94784282,56.448,1679132,526449
bfv_h1000_s1000_cold.log,BFV,B_total_aggregation,1000,1000,cold,150851883,150851.883,1000,526449
bfv_h1000_s1000_cold.log,BFV,C_decrypt_X,1000,1000,cold,1043289,1043.289,1000,0
bfv_h1000_s1000_cold.log,BFV,C_decrypt_delta,1000,1000,cold,2842119,1036.135,2743,0
bfv_h1000_s1000_cold.log,BFV,C_control_logic_until_convergence,1000,1000,cold,67578,24.637,2743,0
bfv_h1000_s1000_cold.log,BFV,C_total_decrypt_plus_control,1000,1000,cold,3952986,3952.986,1000,0
bfv_h1000_s1000_cold.log,BFV,SIM_total_measured_H_B_C,1000,1000,cold,7154507231,7154507.231,1000,526449
bfv_h1000_s1000_cold.log,SUMMARY,total_iterations,1000,1000,cold,2743,2.743,1000,0
bfv_h1000_s1000_cold.log,SUMMARY,accepted_delta_count,1000,1000,cold,1681875,1681.875,1000,0
bfv_h100_s1000_cold.log,BFV,H_initial_device_planning,100,1000,cold,1192130,11.921,100000,0
bfv_h100_s1000_cold.log,BFV,H_encrypt_X_i,100,1000,cold,259510223,2595.102,100000,526449
bfv_h100_s1000_cold.log,BFV,H_plan_compute,100,1000,cold,7344488,21.184,346700,0
bfv_h100_s1000_cold.log,BFV,H_accept_compute,100,1000,cold,10445,0.060,173667,0
bfv_h100_s1000_cold.log,BFV,H_encrypt_delta_i,100,1000,cold,449248211,2586.837,173667,526449
bfv_h100_s1000_cold.log,BFV,H_total_household_side,100,1000,cold,717305497,717305.497,1000,526449
bfv_h100_s1000_cold.log,BFV,B_init_X_from_first_ciphertext,100,1000,cold,66390,66.390,1000,526449
bfv_h100_s1000_cold.log,BFV,B_add_X_remaining,100,1000,cold,5509399,55.650,99000,526449
bfv_h100_s1000_cold.log,BFV,B_init_delta_from_first_ciphertext,100,1000,cold,182402,52.611,3467,526449
bfv_h100_s1000_cold.log,BFV,B_add_delta_remaining,100,1000,cold,9415128,55.318,170200,526449
bfv_h100_s1000_cold.log,BFV,B_total_aggregation,100,1000,cold,15173319,15173.319,1000,526449
bfv_h100_s1000_cold.log,BFV,C_decrypt_X,100,1000,cold,1042525,1042.525,1000,0
bfv_h100_s1000_cold.log,BFV,C_decrypt_delta,100,1000,cold,3581679,1033.077,3467,0
bfv_h100_s1000_cold.log,BFV,C_control_logic_until_convergence,100,1000,cold,7150,2.062,3467,0
bfv_h100_s1000_cold.log,BFV,C_total_decrypt_plus_control,100,1000,cold,4631354,4631.354,1000,0
bfv_h100_s1000_cold.log,BFV,SIM_total_measured_H_B_C,100,1000,cold,737110170,737110.170,1000,526449
bfv_h100_s1000_cold.log,SUMMARY,total_iterations,100,1000,cold,3467,3.467,1000,0
bfv_h100_s1000_cold.log,SUMMARY,accepted_delta_count,100,1000,cold,173667,173.667,1000,0
bfv_h10_s1000_cold.log,BFV,H_initial_device_planning,10,1000,cold,150287,15.029,10000,0
bfv_h10_s1000_cold.log,BFV,H_encrypt_X_i,10,1000,cold,26146740,2614.674,10000,526449
bfv_h10_s1000_cold.log,BFV,H_plan_compute,10,1000,cold,2835127,25.685,110380,0
bfv_h10_s1000_cold.log,BFV,H_accept_compute,10,1000,cold,463,0.019,24733,0
bfv_h10_s1000_cold.log,BFV,H_encrypt_delta_i,10,1000,cold,63521144,2568.275,24733,526449
bfv_h10_s1000_cold.log,BFV,H_total_household_side,10,1000,cold,92653761,92653.761,1000,526449
bfv_h10_s1000_cold.log,BFV,B_init_X_from_first_ciphertext,10,1000,cold,47220,47.220,1000,526449
bfv_h10_s1000_cold.log,BFV,B_add_X_remaining,10,1000,cold,472054,52.450,9000,526449
bfv_h10_s1000_cold.log,BFV,B_init_delta_from_first_ciphertext,10,1000,cold,167280,15.205,11002,526449
bfv_h10_s1000_cold.log,BFV,B_add_delta_remaining,10,1000,cold,696483,50.723,13731,526449
bfv_h10_s1000_cold.log,BFV,B_total_aggregation,10,1000,cold,1383037,1383.037,1000,526449
bfv_h10_s1000_cold.log,BFV,C_decrypt_X,10,1000,cold,1021142,1021.142,1000,0
bfv_h10_s1000_cold.log,BFV,C_decrypt_delta,10,1000,cold,10781588,979.966,11002,0
bfv_h10_s1000_cold.log,BFV,C_control_logic_until_convergence,10,1000,cold,762,0.069,11038,0
bfv_h10_s1000_cold.log,BFV,C_total_decrypt_plus_control,10,1000,cold,11803492,11803.492,1000,0
bfv_h10_s1000_cold.log,BFV,SIM_total_measured_H_B_C,10,1000,cold,105840290,105840.290,1000,526449
bfv_h10_s1000_cold.log,SUMMARY,total_iterations,10,1000,cold,11038,11.038,1000,0
bfv_h10_s1000_cold.log,SUMMARY,accepted_delta_count,10,1000,cold,24733,24.733,1000,0
bfv_h250_s1000_cold.log,BFV,H_initial_device_planning,250,1000,cold,2928425,11.714,250000,0
bfv_h250_s1000_cold.log,BFV,H_encrypt_X_i,250,1000,cold,646339965,2585.360,250000,526449
bfv_h250_s1000_cold.log,BFV,H_plan_compute,250,1000,cold,15249495,20.380,748250,0
bfv_h250_s1000_cold.log,BFV,H_accept_compute,250,1000,cold,33005,0.077,426544,0
bfv_h250_s1000_cold.log,BFV,H_encrypt_delta_i,250,1000,cold,1101579800,2582.570,426544,526449
bfv_h250_s1000_cold.log,BFV,H_total_household_side,250,1000,cold,1766130690,1766130.690,1000,526449
bfv_h250_s1000_cold.log,BFV,B_init_X_from_first_ciphertext,250,1000,cold,65477,65.477,1000,526449
bfv_h250_s1000_cold.log,BFV,B_add_X_remaining,250,1000,cold,13952019,56.032,249000,526449
bfv_h250_s1000_cold.log,BFV,B_init_delta_from_first_ciphertext,250,1000,cold,195154,65.203,2993,526449
bfv_h250_s1000_cold.log,BFV,B_add_delta_remaining,250,1000,cold,23700608,55.957,423551,526449
bfv_h250_s1000_cold.log,BFV,B_total_aggregation,250,1000,cold,37913258,37913.258,1000,526449
bfv_h250_s1000_cold.log,BFV,C_decrypt_X,250,1000,cold,1033069,1033.069,1000,0
bfv_h250_s1000_cold.log,BFV,C_decrypt_delta,250,1000,cold,3087257,1031.492,2993,0
bfv_h250_s1000_cold.log,BFV,C_control_logic_until_convergence,250,1000,cold,16056,5.365,2993,0
bfv_h250_s1000_cold.log,BFV,C_total_decrypt_plus_control,250,1000,cold,4136382,4136.382,1000,0
bfv_h250_s1000_cold.log,BFV,SIM_total_measured_H_B_C,250,1000,cold,1808180330,1808180.330,1000,526449
bfv_h250_s1000_cold.log,SUMMARY,total_iterations,250,1000,cold,2993,2.993,1000,0
bfv_h250_s1000_cold.log,SUMMARY,accepted_delta_count,250,1000,cold,426544,426.544,1000,0
bfv_h500_s1000_cold.log,BFV,H_initial_device_planning,500,1000,cold,5764741,11.529,500000,0
bfv_h500_s1000_cold.log,BFV,H_encrypt_X_i,500,1000,cold,1292760607,2585.521,500000,526449
bfv_h500_s1000_cold.log,BFV,H_plan_compute,500,1000,cold,29181188,20.160,1447500,0
bfv_h500_s1000_cold.log,BFV,H_accept_compute,500,1000,cold,74690,0.088,852016,0
bfv_h500_s1000_cold.log,BFV,H_encrypt_delta_i,500,1000,cold,2201838648,2584.269,852016,526449
bfv_h500_s1000_cold.log,BFV,H_total_household_side,500,1000,cold,3529619874,3529619.874,1000,526449
bfv_h500_s1000_cold.log,BFV,B_init_X_from_first_ciphertext,500,1000,cold,65545,65.545,1000,526449
bfv_h500_s1000_cold.log,BFV,B_add_X_remaining,500,1000,cold,27910373,55.933,499000,526449
bfv_h500_s1000_cold.log,BFV,B_init_delta_from_first_ciphertext,500,1000,cold,190699,65.872,2895,526449
bfv_h500_s1000_cold.log,BFV,B_add_delta_remaining,500,1000,cold,47543746,55.992,849121,526449
bfv_h500_s1000_cold.log,BFV,B_total_aggregation,500,1000,cold,75710363,75710.363,1000,526449
bfv_h500_s1000_cold.log,BFV,C_decrypt_X,500,1000,cold,1032955,1032.955,1000,0
bfv_h500_s1000_cold.log,BFV,C_decrypt_delta,500,1000,cold,2980198,1029.429,2895,0
bfv_h500_s1000_cold.log,BFV,C_control_logic_until_convergence,500,1000,cold,33923,11.718,2895,0
bfv_h500_s1000_cold.log,BFV,C_total_decrypt_plus_control,500,1000,cold,4047076,4047.076,1000,0
bfv_h500_s1000_cold.log,BFV,SIM_total_measured_H_B_C,500,1000,cold,3609377313,3609377.313,1000,526449
bfv_h500_s1000_cold.log,SUMMARY,total_iterations,500,1000,cold,2895,2.895,1000,0
bfv_h500_s1000_cold.log,SUMMARY,accepted_delta_count,500,1000,cold,852016,852.016,1000,0
bfv_h50_s1000_cold.log,BFV,H_initial_device_planning,50,1000,cold,623254,12.465,50000,0
bfv_h50_s1000_cold.log,BFV,H_encrypt_X_i,50,1000,cold,130074695,2601.494,50000,526449
bfv_h50_s1000_cold.log,BFV,H_plan_compute,50,1000,cold,4776033,22.245,214700,0
bfv_h50_s1000_cold.log,BFV,H_accept_compute,50,1000,cold,3503,0.040,88029,0
bfv_h50_s1000_cold.log,BFV,H_encrypt_delta_i,50,1000,cold,227788633,2587.654,88029,526449
bfv_h50_s1000_cold.log,BFV,H_total_household_side,50,1000,cold,363266118,363266.118,1000,526449
bfv_h50_s1000_cold.log,BFV,B_init_X_from_first_ciphertext,50,1000,cold,65739,65.739,1000,526449
bfv_h50_s1000_cold.log,BFV,B_add_X_remaining,50,1000,cold,2721951,55.550,49000,526449
bfv_h50_s1000_cold.log,BFV,B_init_delta_from_first_ciphertext,50,1000,cold,155994,36.328,4294,526449
bfv_h50_s1000_cold.log,BFV,B_add_delta_remaining,50,1000,cold,4516195,53.934,83735,526449
bfv_h50_s1000_cold.log,BFV,B_total_aggregation,50,1000,cold,7459879,7459.879,1000,526449
bfv_h50_s1000_cold.log,BFV,C_decrypt_X,50,1000,cold,1033115,1033.115,1000,0
bfv_h50_s1000_cold.log,BFV,C_decrypt_delta,50,1000,cold,4350552,1013.170,4294,0
bfv_h50_s1000_cold.log,BFV,C_control_logic_until_convergence,50,1000,cold,3299,0.768,4294,0
bfv_h50_s1000_cold.log,BFV,C_total_decrypt_plus_control,50,1000,cold,5386966,5386.966,1000,0
bfv_h50_s1000_cold.log,BFV,SIM_total_measured_H_B_C,50,1000,cold,376112963,376112.963,1000,526449
bfv_h50_s1000_cold.log,SUMMARY,total_iterations,50,1000,cold,4294,4.294,1000,0
bfv_h50_s1000_cold.log,SUMMARY,accepted_delta_count,50,1000,cold,88029,88.029,1000,0
ckks_h1000_s1000_cold.log,CKKS,H_initial_device_planning,1000,1000,cold,11610036,11.610,1000000,0
ckks_h1000_s1000_cold.log,CKKS,H_encrypt_X_i,1000,1000,cold,3053404310,3053.404,1000000,394865
ckks_h1000_s1000_cold.log,CKKS,H_plan_compute,1000,1000,cold,52232397,19.042,2743000,0
ckks_h1000_s1000_cold.log,CKKS,H_accept_compute,1000,1000,cold,81097,0.048,1673262,0
ckks_h1000_s1000_cold.log,CKKS,H_encrypt_delta_i,1000,1000,cold,5102288466,3049.306,1673262,394865
ckks_h1000_s1000_cold.log,CKKS,H_total_household_side,1000,1000,cold,8219616306,8219616.306,1000,394865
ckks_h1000_s1000_cold.log,CKKS,B_init_X_from_first_ciphertext,1000,1000,cold,42190,42.190,1000,394865
ckks_h1000_s1000_cold.log,CKKS,B_add_X_remaining,1000,1000,cold,41971869,42.014,999000,394865
ckks_h1000_s1000_cold.log,CKKS,B_init_delta_from_first_ciphertext,1000,1000,cold,109664,39.980,2743,394865
ckks_h1000_s1000_cold.log,CKKS,B_add_delta_remaining,1000,1000,cold,70776722,42.368,1670519,394865
ckks_h1000_s1000_cold.log,CKKS,B_total_aggregation,1000,1000,cold,112900445,112900.445,1000,394865
ckks_h1000_s1000_cold.log,CKKS,C_decrypt_X,1000,1000,cold,889382,889.382,1000,0
ckks_h1000_s1000_cold.log,CKKS,C_decrypt_delta,1000,1000,cold,2433960,887.335,2743,0
ckks_h1000_s1000_cold.log,CKKS,C_control_logic_until_convergence,1000,1000,cold,61927,22.576,2743,0
ckks_h1000_s1000_cold.log,CKKS,C_total_decrypt_plus_control,1000,1000,cold,3385269,3385.269,1000,0
ckks_h1000_s1000_cold.log,CKKS,SIM_total_measured_H_B_C,1000,1000,cold,8335902020,8335902.020,1000,394865
ckks_h1000_s1000_cold.log,SUMMARY,total_iterations,1000,1000,cold,2743,2.743,1000,0
ckks_h1000_s1000_cold.log,SUMMARY,accepted_delta_count,1000,1000,cold,1673262,1673.262,1000,0
ckks_h100_s1000_cold.log,CKKS,H_initial_device_planning,100,1000,cold,1196133,11.961,100000,0
ckks_h100_s1000_cold.log,CKKS,H_encrypt_X_i,100,1000,cold,306092034,3060.920,100000,394865
ckks_h100_s1000_cold.log,CKKS,H_plan_compute,100,1000,cold,7096155,20.444,347100,0
ckks_h100_s1000_cold.log,CKKS,H_accept_compute,100,1000,cold,10628,0.062,172339,0
ckks_h100_s1000_cold.log,CKKS,H_encrypt_delta_i,100,1000,cold,526328194,3054.028,172339,394865
ckks_h100_s1000_cold.log,CKKS,H_total_household_side,100,1000,cold,840723144,840723.144,1000,394865
ckks_h100_s1000_cold.log,CKKS,B_init_X_from_first_ciphertext,100,1000,cold,43345,43.345,1000,394865
ckks_h100_s1000_cold.log,CKKS,B_add_X_remaining,100,1000,cold,4123795,41.654,99000,394865
ckks_h100_s1000_cold.log,CKKS,B_init_delta_from_first_ciphertext,100,1000,cold,107851,31.072,3471,394865
ckks_h100_s1000_cold.log,CKKS,B_add_delta_remaining,100,1000,cold,6952558,41.172,168868,394865
ckks_h100_s1000_cold.log,CKKS,B_total_aggregation,100,1000,cold,11227549,11227.549,1000,394865
ckks_h100_s1000_cold.log,CKKS,C_decrypt_X,100,1000,cold,874779,874.779,1000,0
ckks_h100_s1000_cold.log,CKKS,C_decrypt_delta,100,1000,cold,3022511,870.790,3471,0
ckks_h100_s1000_cold.log,CKKS,C_control_logic_until_convergence,100,1000,cold,6164,1.776,3471,0
ckks_h100_s1000_cold.log,CKKS,C_total_decrypt_plus_control,100,1000,cold,3903454,3903.454,1000,0
ckks_h100_s1000_cold.log,CKKS,SIM_total_measured_H_B_C,100,1000,cold,855854147,855854.147,1000,394865
ckks_h100_s1000_cold.log,SUMMARY,total_iterations,100,1000,cold,3471,3.471,1000,0
ckks_h100_s1000_cold.log,SUMMARY,accepted_delta_count,100,1000,cold,172339,172.339,1000,0
ckks_h10_s1000_cold.log,CKKS,H_initial_device_planning,10,1000,cold,148718,14.872,10000,0
ckks_h10_s1000_cold.log,CKKS,H_encrypt_X_i,10,1000,cold,30844710,3084.471,10000,394865
ckks_h10_s1000_cold.log,CKKS,H_plan_compute,10,1000,cold,2957238,26.823,110250,0
ckks_h10_s1000_cold.log,CKKS,H_accept_compute,10,1000,cold,757,0.031,24630,0
ckks_h10_s1000_cold.log,CKKS,H_encrypt_delta_i,10,1000,cold,75028899,3046.240,24630,394865
ckks_h10_s1000_cold.log,CKKS,H_total_household_side,10,1000,cold,108980322,108980.322,1000,394865
ckks_h10_s1000_cold.log,CKKS,B_init_X_from_first_ciphertext,10,1000,cold,30961,30.961,1000,394865
ckks_h10_s1000_cold.log,CKKS,B_add_X_remaining,10,1000,cold,356367,39.596,9000,394865
ckks_h10_s1000_cold.log,CKKS,B_init_delta_from_first_ciphertext,10,1000,cold,114380,10.376,11023,394865
ckks_h10_s1000_cold.log,CKKS,B_add_delta_remaining,10,1000,cold,517624,38.041,13607,394865
ckks_h10_s1000_cold.log,CKKS,B_total_aggregation,10,1000,cold,1019332,1019.332,1000,394865
ckks_h10_s1000_cold.log,CKKS,C_decrypt_X,10,1000,cold,870635,870.635,1000,0
ckks_h10_s1000_cold.log,CKKS,C_decrypt_delta,10,1000,cold,9254086,839.525,11023,0
ckks_h10_s1000_cold.log,CKKS,C_control_logic_until_convergence,10,1000,cold,641,0.058,11025,0
ckks_h10_s1000_cold.log,CKKS,C_total_decrypt_plus_control,10,1000,cold,10125362,10125.362,1000,0
ckks_h10_s1000_cold.log,CKKS,SIM_total_measured_H_B_C,10,1000,cold,120125016,120125.016,1000,394865
ckks_h10_s1000_cold.log,SUMMARY,total_iterations,10,1000,cold,11025,11.025,1000,0
ckks_h10_s1000_cold.log,SUMMARY,accepted_delta_count,10,1000,cold,24630,24.630,1000,0
ckks_h250_s1000_cold.log,CKKS,H_initial_device_planning,250,1000,cold,2908132,11.633,250000,0
ckks_h250_s1000_cold.log,CKKS,H_encrypt_X_i,250,1000,cold,766113223,3064.453,250000,394865
ckks_h250_s1000_cold.log,CKKS,H_plan_compute,250,1000,cold,14561724,19.468,748000,0
ckks_h250_s1000_cold.log,CKKS,H_accept_compute,250,1000,cold,35946,0.085,423485,0
ckks_h250_s1000_cold.log,CKKS,H_encrypt_delta_i,250,1000,cold,1296390667,3061.243,423485,394865
ckks_h250_s1000_cold.log,CKKS,H_total_household_side,250,1000,cold,2080009692,2080009.692,1000,394865
ckks_h250_s1000_cold.log,CKKS,B_init_X_from_first_ciphertext,250,1000,cold,42516,42.516,1000,394865
ckks_h250_s1000_cold.log,CKKS,B_add_X_remaining,250,1000,cold,10475419,42.070,249000,394865
ckks_h250_s1000_cold.log,CKKS,B_init_delta_from_first_ciphertext,250,1000,cold,122871,41.067,2992,394865
ckks_h250_s1000_cold.log,CKKS,B_add_delta_remaining,250,1000,cold,17676725,42.038,420493,394865
ckks_h250_s1000_cold.log,CKKS,B_total_aggregation,250,1000,cold,28317531,28317.531,1000,394865
ckks_h250_s1000_cold.log,CKKS,C_decrypt_X,250,1000,cold,882629,882.629,1000,0
ckks_h250_s1000_cold.log,CKKS,C_decrypt_delta,250,1000,cold,2642061,883.042,2992,0
ckks_h250_s1000_cold.log,CKKS,C_control_logic_until_convergence,250,1000,cold,15784,5.275,2992,0
ckks_h250_s1000_cold.log,CKKS,C_total_decrypt_plus_control,250,1000,cold,3540474,3540.474,1000,0
ckks_h250_s1000_cold.log,CKKS,SIM_total_measured_H_B_C,250,1000,cold,2111867697,2111867.697,1000,394865
ckks_h250_s1000_cold.log,SUMMARY,total_iterations,250,1000,cold,2992,2.992,1000,0
ckks_h250_s1000_cold.log,SUMMARY,accepted_delta_count,250,1000,cold,423485,423.485,1000,0
ckks_h500_s1000_cold.log,CKKS,H_initial_device_planning,500,1000,cold,5578289,11.157,500000,0
ckks_h500_s1000_cold.log,CKKS,H_encrypt_X_i,500,1000,cold,1527099369,3054.199,500000,394865
ckks_h500_s1000_cold.log,CKKS,H_plan_compute,500,1000,cold,27161682,18.758,1448000,0
ckks_h500_s1000_cold.log,CKKS,H_accept_compute,500,1000,cold,28809,0.034,848748,0
ckks_h500_s1000_cold.log,CKKS,H_encrypt_delta_i,500,1000,cold,2590944980,3052.667,848748,394865
ckks_h500_s1000_cold.log,CKKS,H_total_household_side,500,1000,cold,4150813129,4150813.129,1000,394865
ckks_h500_s1000_cold.log,CKKS,B_init_X_from_first_ciphertext,500,1000,cold,41947,41.947,1000,394865
ckks_h500_s1000_cold.log,CKKS,B_add_X_remaining,500,1000,cold,21035047,42.154,499000,394865
ckks_h500_s1000_cold.log,CKKS,B_init_delta_from_first_ciphertext,500,1000,cold,123768,42.738,2896,394865
ckks_h500_s1000_cold.log,CKKS,B_add_delta_remaining,500,1000,cold,35966819,42.521,845852,394865
ckks_h500_s1000_cold.log,CKKS,B_total_aggregation,500,1000,cold,57167581,57167.581,1000,394865
ckks_h500_s1000_cold.log,CKKS,C_decrypt_X,500,1000,cold,889873,889.873,1000,0
ckks_h500_s1000_cold.log,CKKS,C_decrypt_delta,500,1000,cold,2585362,892.735,2896,0
ckks_h500_s1000_cold.log,CKKS,C_control_logic_until_convergence,500,1000,cold,30227,10.438,2896,0
ckks_h500_s1000_cold.log,CKKS,C_total_decrypt_plus_control,500,1000,cold,3505462,3505.462,1000,0
ckks_h500_s1000_cold.log,CKKS,SIM_total_measured_H_B_C,500,1000,cold,4211486172,4211486.172,1000,394865
ckks_h500_s1000_cold.log,SUMMARY,total_iterations,500,1000,cold,2896,2.896,1000,0
ckks_h500_s1000_cold.log,SUMMARY,accepted_delta_count,500,1000,cold,848748,848.748,1000,0
ckks_h50_s1000_cold.log,CKKS,H_initial_device_planning,50,1000,cold,611611,12.232,50000,0
ckks_h50_s1000_cold.log,CKKS,H_encrypt_X_i,50,1000,cold,153415944,3068.319,50000,394865
ckks_h50_s1000_cold.log,CKKS,H_plan_compute,50,1000,cold,4595261,21.418,214550,0
ckks_h50_s1000_cold.log,CKKS,H_accept_compute,50,1000,cold,3032,0.035,87466,0
ckks_h50_s1000_cold.log,CKKS,H_encrypt_delta_i,50,1000,cold,267400737,3057.196,87466,394865
ckks_h50_s1000_cold.log,CKKS,H_total_household_side,50,1000,cold,426026585,426026.585,1000,394865
ckks_h50_s1000_cold.log,CKKS,B_init_X_from_first_ciphertext,50,1000,cold,40136,40.136,1000,394865
ckks_h50_s1000_cold.log,CKKS,B_add_X_remaining,50,1000,cold,2009218,41.004,49000,394865
ckks_h50_s1000_cold.log,CKKS,B_init_delta_from_first_ciphertext,50,1000,cold,92696,21.602,4291,394865
ckks_h50_s1000_cold.log,CKKS,B_add_delta_remaining,50,1000,cold,3307972,39.771,83175,394865
ckks_h50_s1000_cold.log,CKKS,B_total_aggregation,50,1000,cold,5450022,5450.022,1000,394865
ckks_h50_s1000_cold.log,CKKS,C_decrypt_X,50,1000,cold,871269,871.269,1000,0
ckks_h50_s1000_cold.log,CKKS,C_decrypt_delta,50,1000,cold,3692241,860.462,4291,0
ckks_h50_s1000_cold.log,CKKS,C_control_logic_until_convergence,50,1000,cold,2568,0.598,4291,0
ckks_h50_s1000_cold.log,CKKS,C_total_decrypt_plus_control,50,1000,cold,4566078,4566.078,1000,0
ckks_h50_s1000_cold.log,CKKS,SIM_total_measured_H_B_C,50,1000,cold,436042685,436042.685,1000,394865
ckks_h50_s1000_cold.log,SUMMARY,total_iterations,50,1000,cold,4291,4.291,1000,0
ckks_h50_s1000_cold.log,SUMMARY,accepted_delta_count,50,1000,cold,87466,87.466,1000,0
plain_h1000_s1000_cold.log,PLAIN,H_initial_device_planning,1000,1000,cold,11208030,11.208,1000000,0
plain_h1000_s1000_cold.log,PLAIN,H_encrypt_X_i,1000,1000,cold,0,0.000,0,0
plain_h1000_s1000_cold.log,PLAIN,H_plan_compute,1000,1000,cold,49237382,17.950,2743000,0
plain_h1000_s1000_cold.log,PLAIN,H_accept_compute,1000,1000,cold,106024,0.064,1665689,0
plain_h1000_s1000_cold.log,PLAIN,H_encrypt_delta_i,1000,1000,cold,0,0.000,0,0
plain_h1000_s1000_cold.log,PLAIN,H_total_household_side,1000,1000,cold,60551436,60551.436,1000,0
plain_h1000_s1000_cold.log,PLAIN,B_init_X_from_first_ciphertext,1000,1000,cold,95,0.095,1000,0
plain_h1000_s1000_cold.log,PLAIN,B_add_X_remaining,1000,1000,cold,159441,0.160,999000,0
plain_h1000_s1000_cold.log,PLAIN,B_init_delta_from_first_ciphertext,1000,1000,cold,5,0.002,2727,0
plain_h1000_s1000_cold.log,PLAIN,B_add_delta_remaining,1000,1000,cold,205066,0.123,1662962,0
plain_h1000_s1000_cold.log,PLAIN,B_total_aggregation,1000,1000,cold,364607,364.607,1000,0
plain_h1000_s1000_cold.log,PLAIN,C_decrypt_X,1000,1000,cold,0,0.000,0,0
plain_h1000_s1000_cold.log,PLAIN,C_decrypt_delta,1000,1000,cold,0,0.000,0,0
plain_h1000_s1000_cold.log,PLAIN,C_control_logic_until_convergence,1000,1000,cold,64167,23.393,2743,0
plain_h1000_s1000_cold.log,PLAIN,C_total_decrypt_plus_control,1000,1000,cold,64167,64.167,1000,0
plain_h1000_s1000_cold.log,PLAIN,SIM_total_measured_H_B_C,1000,1000,cold,60980210,60980.210,1000,0
plain_h1000_s1000_cold.log,SUMMARY,total_iterations,1000,1000,cold,2743,2.743,1000,0
plain_h1000_s1000_cold.log,SUMMARY,accepted_delta_count,1000,1000,cold,1665689,1665.689,1000,0
plain_h100_s1000_cold.log,PLAIN,H_initial_device_planning,100,1000,cold,1099896,10.999,100000,0
plain_h100_s1000_cold.log,PLAIN,H_encrypt_X_i,100,1000,cold,0,0.000,0,0
plain_h100_s1000_cold.log,PLAIN,H_plan_compute,100,1000,cold,5825040,16.782,347100,0
plain_h100_s1000_cold.log,PLAIN,H_accept_compute,100,1000,cold,1521,0.009,164960,0
plain_h100_s1000_cold.log,PLAIN,H_encrypt_delta_i,100,1000,cold,0,0.000,0,0
plain_h100_s1000_cold.log,PLAIN,H_total_household_side,100,1000,cold,6926457,6926.457,1000,0
plain_h100_s1000_cold.log,PLAIN,B_init_X_from_first_ciphertext,100,1000,cold,4,0.004,1000,0
plain_h100_s1000_cold.log,PLAIN,B_add_X_remaining,100,1000,cold,6037,0.061,99000,0
plain_h100_s1000_cold.log,PLAIN,B_init_delta_from_first_ciphertext,100,1000,cold,1,0.000,3358,0
plain_h100_s1000_cold.log,PLAIN,B_add_delta_remaining,100,1000,cold,5405,0.033,161602,0
plain_h100_s1000_cold.log,PLAIN,B_total_aggregation,100,1000,cold,11447,11.447,1000,0
plain_h100_s1000_cold.log,PLAIN,C_decrypt_X,100,1000,cold,0,0.000,0,0
plain_h100_s1000_cold.log,PLAIN,C_decrypt_delta,100,1000,cold,0,0.000,0,0
plain_h100_s1000_cold.log,PLAIN,C_control_logic_until_convergence,100,1000,cold,3657,1.054,3471,0
plain_h100_s1000_cold.log,PLAIN,C_total_decrypt_plus_control,100,1000,cold,3657,3.657,1000,0
plain_h100_s1000_cold.log,PLAIN,SIM_total_measured_H_B_C,100,1000,cold,6941561,6941.561,1000,0
plain_h100_s1000_cold.log,SUMMARY,total_iterations,100,1000,cold,3471,3.471,1000,0
plain_h100_s1000_cold.log,SUMMARY,accepted_delta_count,100,1000,cold,164960,164.960,1000,0
plain_h10_s1000_cold.log,PLAIN,H_initial_device_planning,10,1000,cold,133422,13.342,10000,0
plain_h10_s1000_cold.log,PLAIN,H_encrypt_X_i,10,1000,cold,0,0.000,0,0
plain_h10_s1000_cold.log,PLAIN,H_plan_compute,10,1000,cold,2310188,20.954,110250,0
plain_h10_s1000_cold.log,PLAIN,H_accept_compute,10,1000,cold,43,0.002,23674,0
plain_h10_s1000_cold.log,PLAIN,H_encrypt_delta_i,10,1000,cold,0,0.000,0,0
plain_h10_s1000_cold.log,PLAIN,H_total_household_side,10,1000,cold,2443653,2443.653,1000,0
plain_h10_s1000_cold.log,PLAIN,B_init_X_from_first_ciphertext,10,1000,cold,1,0.001,1000,0
plain_h10_s1000_cold.log,PLAIN,B_add_X_remaining,10,1000,cold,12,0.001,9000,0
plain_h10_s1000_cold.log,PLAIN,B_init_delta_from_first_ciphertext,10,1000,cold,3,0.000,10738,0
plain_h10_s1000_cold.log,PLAIN,B_add_delta_remaining,10,1000,cold,20,0.002,12936,0
plain_h10_s1000_cold.log,PLAIN,B_total_aggregation,10,1000,cold,36,0.036,1000,0
plain_h10_s1000_cold.log,PLAIN,C_decrypt_X,10,1000,cold,0,0.000,0,0
plain_h10_s1000_cold.log,PLAIN,C_decrypt_delta,10,1000,cold,0,0.000,0,0
plain_h10_s1000_cold.log,PLAIN,C_control_logic_until_convergence,10,1000,cold,114,0.010,11025,0
plain_h10_s1000_cold.log,PLAIN,C_total_decrypt_plus_control,10,1000,cold,114,0.114,1000,0
plain_h10_s1000_cold.log,PLAIN,SIM_total_measured_H_B_C,10,1000,cold,2443803,2443.803,1000,0
plain_h10_s1000_cold.log,SUMMARY,total_iterations,10,1000,cold,11025,11.025,1000,0
plain_h10_s1000_cold.log,SUMMARY,accepted_delta_count,10,1000,cold,23674,23.674,1000,0
plain_h250_s1000_cold.log,PLAIN,H_initial_device_planning,250,1000,cold,2684872,10.739,250000,0
plain_h250_s1000_cold.log,PLAIN,H_encrypt_X_i,250,1000,cold,0,0.000,0,0
plain_h250_s1000_cold.log,PLAIN,H_plan_compute,250,1000,cold,12281232,16.419,748000,0
plain_h250_s1000_cold.log,PLAIN,H_accept_compute,250,1000,cold,6901,0.017,412464,0
plain_h250_s1000_cold.log,PLAIN,H_encrypt_delta_i,250,1000,cold,0,0.000,0,0
plain_h250_s1000_cold.log,PLAIN,H_total_household_side,250,1000,cold,14973005,14973.005,1000,0
plain_h250_s1000_cold.log,PLAIN,B_init_X_from_first_ciphertext,250,1000,cold,4,0.004,1000,0
plain_h250_s1000_cold.log,PLAIN,B_add_X_remaining,250,1000,cold,20166,0.081,249000,0
plain_h250_s1000_cold.log,PLAIN,B_init_delta_from_first_ciphertext,250,1000,cold,8,0.003,2944,0
plain_h250_s1000_cold.log,PLAIN,B_add_delta_remaining,250,1000,cold,22935,0.056,409520,0
plain_h250_s1000_cold.log,PLAIN,B_total_aggregation,250,1000,cold,43113,43.113,1000,0
plain_h250_s1000_cold.log,PLAIN,C_decrypt_X,250,1000,cold,0,0.000,0,0
plain_h250_s1000_cold.log,PLAIN,C_decrypt_delta,250,1000,cold,0,0.000,0,0
plain_h250_s1000_cold.log,PLAIN,C_control_logic_until_convergence,250,1000,cold,12080,4.037,2992,0
plain_h250_s1000_cold.log,PLAIN,C_total_decrypt_plus_control,250,1000,cold,12080,12.080,1000,0
plain_h250_s1000_cold.log,PLAIN,SIM_total_measured_H_B_C,250,1000,cold,15028198,15028.198,1000,0
plain_h250_s1000_cold.log,SUMMARY,total_iterations,250,1000,cold,2992,2.992,1000,0
plain_h250_s1000_cold.log,SUMMARY,accepted_delta_count,250,1000,cold,412464,412.464,1000,0
plain_h500_s1000_cold.log,PLAIN,H_initial_device_planning,500,1000,cold,5429693,10.859,500000,0
plain_h500_s1000_cold.log,PLAIN,H_encrypt_X_i,500,1000,cold,0,0.000,0,0
plain_h500_s1000_cold.log,PLAIN,H_plan_compute,500,1000,cold,24486422,16.911,1448000,0
plain_h500_s1000_cold.log,PLAIN,H_accept_compute,500,1000,cold,33375,0.040,833690,0
plain_h500_s1000_cold.log,PLAIN,H_encrypt_delta_i,500,1000,cold,0,0.000,0,0
plain_h500_s1000_cold.log,PLAIN,H_total_household_side,500,1000,cold,29949490,29949.490,1000,0
plain_h500_s1000_cold.log,PLAIN,B_init_X_from_first_ciphertext,500,1000,cold,46,0.046,1000,0
plain_h500_s1000_cold.log,PLAIN,B_add_X_remaining,500,1000,cold,59030,0.118,499000,0
plain_h500_s1000_cold.log,PLAIN,B_init_delta_from_first_ciphertext,500,1000,cold,13,0.005,2859,0
plain_h500_s1000_cold.log,PLAIN,B_add_delta_remaining,500,1000,cold,76101,0.092,830831,0
plain_h500_s1000_cold.log,PLAIN,B_total_aggregation,500,1000,cold,135190,135.190,1000,0
plain_h500_s1000_cold.log,PLAIN,C_decrypt_X,500,1000,cold,0,0.000,0,0
plain_h500_s1000_cold.log,PLAIN,C_decrypt_delta,500,1000,cold,0,0.000,0,0
plain_h500_s1000_cold.log,PLAIN,C_control_logic_until_convergence,500,1000,cold,29069,10.038,2896,0
plain_h500_s1000_cold.log,PLAIN,C_total_decrypt_plus_control,500,1000,cold,29069,29.069,1000,0
plain_h500_s1000_cold.log,PLAIN,SIM_total_measured_H_B_C,500,1000,cold,30113749,30113.749,1000,0
plain_h500_s1000_cold.log,SUMMARY,total_iterations,500,1000,cold,2896,2.896,1000,0
plain_h500_s1000_cold.log,SUMMARY,accepted_delta_count,500,1000,cold,833690,833.690,1000,0
plain_h50_s1000_cold.log,PLAIN,H_initial_device_planning,50,1000,cold,563357,11.267,50000,0
plain_h50_s1000_cold.log,PLAIN,H_encrypt_X_i,50,1000,cold,0,0.000,0,0
plain_h50_s1000_cold.log,PLAIN,H_plan_compute,50,1000,cold,3774971,17.595,214550,0
plain_h50_s1000_cold.log,PLAIN,H_accept_compute,50,1000,cold,408,0.005,82994,0
plain_h50_s1000_cold.log,PLAIN,H_encrypt_delta_i,50,1000,cold,0,0.000,0,0
plain_h50_s1000_cold.log,PLAIN,H_total_household_side,50,1000,cold,4338736,4338.736,1000,0
plain_h50_s1000_cold.log,PLAIN,B_init_X_from_first_ciphertext,50,1000,cold,1,0.001,1000,0
plain_h50_s1000_cold.log,PLAIN,B_add_X_remaining,50,1000,cold,2202,0.045,49000,0
plain_h50_s1000_cold.log,PLAIN,B_init_delta_from_first_ciphertext,50,1000,cold,0,0.000,4130,0
plain_h50_s1000_cold.log,PLAIN,B_add_delta_remaining,50,1000,cold,1831,0.023,78864,0
plain_h50_s1000_cold.log,PLAIN,B_total_aggregation,50,1000,cold,4034,4.034,1000,0
plain_h50_s1000_cold.log,PLAIN,C_decrypt_X,50,1000,cold,0,0.000,0,0
plain_h50_s1000_cold.log,PLAIN,C_decrypt_delta,50,1000,cold,0,0.000,0,0
plain_h50_s1000_cold.log,PLAIN,C_control_logic_until_convergence,50,1000,cold,1290,0.301,4291,0
plain_h50_s1000_cold.log,PLAIN,C_total_decrypt_plus_control,50,1000,cold,1290,1.290,1000,0
plain_h50_s1000_cold.log,PLAIN,SIM_total_measured_H_B_C,50,1000,cold,4344060,4344.060,1000,0
plain_h50_s1000_cold.log,SUMMARY,total_iterations,50,1000,cold,4291,4.291,1000,0
plain_h50_s1000_cold.log,SUMMARY,accepted_delta_count,50,1000,cold,82994,82.994,1000,0
